Temperature,Sea_State,Wind_Speed,Weather_Prediction_Days,Month,Day,Day_Of_Week,Whale_Sighting
19.9816047538945,7,41.615399817976154,1,10,30,2,0
43.02857225639664,2,48.13441516353236,0,1,23,5,0
34.2797576724562,7,1.9192276823056686,1,2,31,4,1
28.946339367881464,4,25.98132087450342,2,2,9,5,1
11.24074561769746,0,76.0289823122135,4,3,25,6,0
11.239780813448107,6,13.710970572899905,2,6,14,3,0
7.323344486727978,4,53.531013145259166,2,1,3,5,0
39.647045830997406,5,21.52018720172375,4,2,20,5,0
29.04460046972835,5,1.2120774643893273,4,1,16,3,1
33.32290311184182,7,24.12014575995415,7,5,2,2,0
5.823379771832098,8,97.58737549100537,7,7,10,3,0
43.79639408647977,1,80.15371118829896,3,8,3,4,0
38.29770563201687,8,95.95766443210334,6,10,11,5,0
13.493564427131046,10,48.785404392636245,6,1,11,3,0
12.272998688284025,9,10.973619867750351,3,7,21,6,1
12.336180394137353,8,54.79594889736929,2,5,21,6,0
17.16968971838151,9,45.43773345599609,2,10,22,5,0
25.990257265289515,9,84.4357082739616,0,1,13,4,0
22.27780074568463,6,9.808258078424458,0,3,7,1,1
16.649165607921677,0,48.82411370217782,6,7,23,4,1
29.47411578889518,6,15.004866469398426,3,10,17,0,1
10.579754426081674,9,32.467592689006,5,1,30,0,0
16.685785941408724,4,73.73570773877996,7,7,2,0,0
19.654473731747668,5,47.601812936876655,5,5,12,5,0
23.24279936868144,9,37.58882851457693,3,1,25,6,0
36.407038455720546,6,39.44762785700353,0,1,10,2,0
12.986951286334389,4,45.94467684059866,6,1,18,6,0
25.569377536544465,6,78.50165438370568,6,11,22,2,0
28.6965827544817,8,89.20846889402344,0,9,27,2,0
6.858016508799909,2,95.53346865039283,5,11,11,6,0
29.301794076057533,7,78.6903386255295,1,3,16,5,0
11.82096494749166,1,31.540689574801274,1,5,17,4,1
7.602063719411181,10,68.81347060865421,0,11,19,2,0
42.95542149013333,6,43.760312405539196,1,10,18,1,0
43.625281322982374,1,25.467062204605117,4,12,3,6,1
37.33589392465844,3,84.08715794259226,3,9,21,6,0
17.184550766934827,6,3.8426348962324997,3,6,27,0,0
8.906884560255355,2,90.17619921354235,0,12,26,4,0
32.36932106048627,1,46.147746462473414,2,9,16,0,0
22.606099749584054,10,63.72014768082804,7,8,6,6,0
9.881529393791153,9,65.93539222057827,5,8,25,6,0
24.807076404450807,6,89.51177407065364,0,1,12,2,0
6.375540844608736,0,63.66696821672073,1,9,11,4,1
41.372816083151285,7,61.39335847600618,5,6,15,3,0
15.351199264000677,2,6.665204056068996,2,9,15,1,1
31.50089137415928,1,51.84080219452041,1,3,16,2,0
17.46844304357644,2,15.016900081704165,6,12,10,6,1
25.802720847112433,4,73.74337687214856,7,3,12,2,0
26.868411173731186,10,51.22219208126745,4,6,28,1,0
12.394178221021082,7,68.02277792083532,1,9,13,6,0
43.783385110582344,9,4.167290060238427,4,7,4,1,0
36.00531293444458,6,8.479201604580322,5,3,7,3,1
42.579957662567566,6,71.63233880626822,4,3,22,2,0
40.79309401710595,6,7.208433599867337,5,2,2,5,1
28.915999152443405,7,7.12567277652586,5,9,26,2,0
41.87496940092467,0,1.210847523488745,5,3,27,0,1
8.53970008207678,3,95.65013982994802,5,11,27,4,0
12.839314496765809,5,73.75083594590069,5,5,27,4,0
6.809091556421523,8,35.32514085020642,1,9,15,0,0
18.013213230530575,1,29.65355812876552,5,8,31,6,1
20.54709158757928,0,34.97032297458495,1,2,8,4,0
15.853961270955836,9,77.46535311811819,5,3,7,1,0
38.14950036607718,1,66.13706110704143,4,2,31,4,0
19.270133067743572,6,18.519556786746794,6,8,15,4,1
16.23738038749523,2,17.410933533408436,5,6,23,0,0
26.70784332632994,9,9.839564971339732,2,6,14,6,1
10.636968998990506,1,66.03027197013381,5,12,31,3,0
37.08787923016159,10,76.43726622217359,5,9,8,4,0
7.982025747190833,6,26.5046428325004,4,8,28,5,0
44.47547746402069,1,2.094496103091281,7,4,12,4,1
35.889790771866295,2,8.217166747642734,3,12,13,3,1
12.948627261366896,10,96.78600348450304,4,4,30,0,0
5.220884684944096,6,29.544477747742025,2,9,11,3,0
37.618457138193364,3,76.92231478381336,3,1,17,0,0
33.274293753904686,0,62.46635688542638,0,2,31,1,0
34.160286721639494,4,38.19396396528959,0,2,29,0,0
35.85081386743783,8,20.56872621955551,7,6,17,1,0
7.961786069363614,7,12.138641815940643,2,4,24,1,0
19.338629141770905,8,61.50129680388666,4,11,4,0,1
9.634762381005189,9,77.4633780637788,1,10,21,5,0
39.52413703502374,8,64.39042535411306,2,3,8,2,0
29.931925073102317,6,53.030213324915835,6,3,5,0,0
18.235920994105967,3,4.195122343163627,3,3,26,4,1
7.542334011440945,4,96.84887775943838,3,6,16,5,0
17.439292868626488,0,79.87141916545745,5,8,4,5,0
18.007332881069882,0,29.282203670096475,0,11,28,4,1
34.18424713352256,2,97.99703293588506,7,7,22,2,0
30.502298854208526,7,60.18815896363221,3,4,29,5,0
40.48850970305306,1,58.24226582072465,2,11,15,1,0
23.888597006477973,3,74.8073179429532,3,12,12,2,1
9.783769837532068,1,81.17697880901376,7,4,5,6,0
33.5297914889198,4,65.64786073315027,7,11,30,4,0
35.4314019446759,8,12.809574636620003,7,10,23,2,0
27.45108790277985,0,33.82675059944984,2,11,16,0,0
35.83868719818244,4,92.80836403260497,1,11,14,2,0
24.75182385457563,8,22.461561184385193,5,11,10,1,1
25.909313175279763,0,37.21670238375133,0,2,7,0,1
22.101640734341984,8,43.2076882944196,3,1,13,3,1
6.0167650697638075,7,43.940498969445215,2,9,20,4,0
9.315657079732178,3,61.29395824945255,4,12,28,4,0
6.25716742746937,10,94.30758377447076,0,12,29,2,0
30.456416450551217,9,24.069271183250496,1,2,5,5,0
17.574239243053068,4,12.150137630091805,2,8,29,0,0
25.342827646588113,4,19.747048985993732,6,9,3,3,1
41.30265895704372,10,88.69249002092695,6,4,15,0,0
14.971689165954999,5,64.5810812655206,5,8,4,4,0
21.415316921425188,6,28.590678923916013,5,9,15,0,1
35.22204554172195,7,81.59469389686173,1,10,14,3,0
14.151926619664899,7,86.1369996363436,1,10,20,5,0
8.079196393151719,10,84.6514338690278,5,5,19,2,0
16.590058116550722,1,91.89265336395545,3,7,13,1,0
11.448851490160177,8,25.224102017336158,3,10,10,0,1
42.18790609370292,6,75.50419287462783,2,4,21,1,0
37.32481518257668,3,46.053949727414,4,1,5,4,1
30.33615026041694,3,84.19985528900615,2,3,27,2,0
39.85842360750871,10,72.84906771616131,4,5,23,6,0
37.14688307596458,7,77.64474464997247,1,3,20,2,0
12.462802355441433,3,65.61618376810715,0,12,29,0,0
40.70235993959911,5,17.742876946970686,2,11,20,5,1
26.573689676626028,4,54.502691889693835,2,7,25,2,0
37.2976062065625,2,98.46697395245081,4,12,6,0,0
40.84365199693973,9,93.73880664971189,7,9,31,0,0
17.720138998874553,10,4.317373579701167,1,12,4,1,0
9.40207698110707,1,16.481481572943714,1,6,2,2,1
14.117406501677667,8,13.172877345456191,6,10,22,0,1
22.08431154505025,9,72.59799099852955,7,1,16,1,0
37.72059063689972,8,81.77853298569451,4,7,18,3,0
39.429223330253734,0,21.35113663106719,1,3,5,6,1
5.278085221247628,9,50.5852692951829,7,5,22,1,0
25.42989210310263,2,84.07030280112,5,10,4,1,0
21.69644012595116,7,73.28015447662506,7,4,30,0,0
13.88431241882921,5,54.223720549184826,3,10,13,4,0
9.794614693347313,4,59.03476904587729,6,5,19,4,0
18.504606856145116,4,50.83605469162799,5,5,23,5,1
42.71638815650077,5,29.754845131882057,0,6,2,4,1
17.928117280830207,6,56.50219928590161,2,10,13,1,0
25.751624869734645,0,68.88853020500906,6,12,11,5,0
33.12075835580711,8,87.33229158608077,0,10,30,0,0
19.54518409517176,2,63.629135397924806,2,11,22,2,0
43.87128330883843,3,76.1121537043158,3,6,29,6,0
43.497891797684446,9,16.0071634954573,7,8,4,6,1
15.071291833014566,0,46.15574744197899,1,8,22,1,0
24.88994023569542,10,0.9331619827093296,5,11,20,1,1
17.035132392670786,9,24.667886452162303,4,9,20,5,1
16.393619775098706,2,72.64617151130048,5,8,15,0,1
6.475477894181312,1,99.18099513493634,3,11,4,3,0
29.382573359195874,1,9.917809958721591,0,2,9,1,1
25.10716092915446,0,40.14943158612883,4,12,7,3,1
7.059150049999574,7,80.00709686991596,1,10,19,3,0
16.14585856946446,2,20.403563462889885,3,12,19,4,0
41.33063543866615,2,55.50849493022862,4,11,6,0,0
14.582475626678896,5,73.30712960296748,3,1,6,6,0
10.795794883648924,7,61.5985450260179,7,10,20,6,0
24.57811041110252,8,18.802473461541613,3,2,15,3,0
44.42601816442403,8,35.538456868573945,1,2,15,6,1
14.682210860460017,3,78.37917844853972,6,12,25,0,0
31.885421896235144,4,55.42265141320166,2,3,20,4,1
35.4647846131487,1,0.5229613542912737,4,10,9,0,1
14.505501759695987,10,76.09907600280938,7,7,4,1,0
34.12865394447438,8,3.531135494023907,1,2,18,3,1
19.711325308770128,7,74.57337827312321,3,1,18,0,0
30.292233223743178,2,20.24805601652374,7,6,5,6,0
30.34118843043579,10,95.80734801193802,1,9,20,2,0
26.43098736299034,8,36.79407513020845,6,3,23,0,1
8.611590802176332,2,32.69316163380791,7,6,30,3,0
38.41209982356952,8,14.888805033244468,7,3,11,4,1
17.83120259886943,1,30.560421549021488,2,1,5,6,1
12.46074041599417,9,87.66507618282006,5,12,22,4,0
6.631005662190557,8,99.63343376272474,4,5,26,3,0
28.635717727529673,7,36.83095305068483,2,10,4,6,1
32.1025744736913,8,44.861063095454256,0,11,29,1,0
5.663513157114246,4,72.2070938202737,4,4,12,6,0
25.48372233197124,10,88.61957804650746,2,7,2,1,0
14.059831007917518,10,59.304433418678414,3,6,13,4,0
30.806911616377995,1,39.15256981778293,4,10,10,4,1
11.974657160199659,7,41.262184084862376,4,7,9,3,0
32.63750952409864,5,69.56181464968068,1,5,10,1,0
20.469413852021496,7,0.32182636042786816,3,4,31,4,1
42.46919954946938,10,61.95893374598407,0,7,7,1,1
10.50083776583973,4,35.54930104413574,5,7,4,4,0
18.642654042010342,9,79.41973312770843,7,6,19,6,0
9.538940849623563,1,9.299063982313216,6,8,10,0,1
41.98774473114251,5,58.82022669483905,2,4,30,2,0
40.09357413523924,4,48.09728898861238,1,10,31,6,0
15.317665108606224,4,64.23255259052274,2,5,3,5,0
31.39936184136716,0,6.485359448296835,0,4,25,0,1
37.688888008048636,1,57.99837874281313,7,12,21,5,0
27.208032463978494,7,56.14845879595237,0,1,29,4,0
26.18602313424026,2,56.06600944161709,4,12,31,2,0
14.674091636018067,9,60.34876665964548,6,8,19,2,0
8.72411071223597,2,67.64679372263622,0,1,31,4,0
40.88863031813307,7,80.49889996807697,2,5,21,4,0
41.016722286533216,7,26.982072012821433,3,6,2,1,1
30.32405829093072,1,82.5049410180062,3,6,27,4,0
18.561191641948028,7,49.82556822634536,4,5,20,3,0
18.968382984506434,10,7.705827913433117,5,3,10,4,0
34.038227154809576,0,5.85509292439792,2,5,2,3,1
40.884410398103086,5,33.42383186960608,2,12,2,4,1
40.48345697060469,7,78.48969771114676,0,8,28,1,0
36.19502183430495,2,70.76809347409157,6,2,24,3,0
30.68126584617151,7,78.86149646724064,2,6,17,0,0
8.365598599801952,0,51.72690564416094,1,9,16,3,0
11.46514856378455,10,44.01989979554906,5,8,16,6,0
40.94216754108317,10,14.745252670628394,0,11,14,1,1
29.257162386383598,8,32.81927536093116,1,8,7,5,1
5.367882064665186,10,43.40193661738753,4,8,21,3,0
9.058861714641285,8,8.860042967961723,3,7,31,6,1
31.54007076432223,4,22.061195271121125,4,8,11,6,1
5.2024633538487475,9,59.82252940637388,3,6,24,6,1
11.432322056699945,3,73.56631142391899,4,2,1,4,0
26.949351574663446,10,99.83475113929497,2,2,11,6,0
32.67580790770773,5,93.31133313435576,1,8,23,4,0
31.078450380104023,6,64.25651995351916,3,11,21,5,0
13.970772378422392,4,42.1248053294072,0,1,4,1,0
33.48716885390144,10,63.617736470823274,1,6,7,2,0
14.489963499872003,9,78.56516180802319,0,6,26,4,0
18.01598792637071,8,11.833619092338733,1,11,15,6,1
34.85965620472096,2,40.99048896962883,1,4,18,6,0
30.98531596188859,6,83.98022856356172,4,12,12,0,0
38.96893641976712,9,38.3832951933044,3,11,31,6,1
31.304515692013734,9,57.18722712271865,3,11,17,1,0
27.732344133418863,10,58.77693608621982,6,10,1,3,0
8.746990713123699,4,18.447625313363936,1,3,11,3,0
19.70863212237734,6,36.22354416522884,2,11,28,6,0
15.608094707269018,1,33.451128874193216,2,3,1,0,1
14.759585735163343,3,2.6196708532064794,0,1,15,4,1
43.920422190097824,1,2.4191763891355245,0,3,28,1,1
20.723908986670416,6,83.16970436757735,4,4,21,0,0
40.681862207084535,1,27.30708099728124,1,11,10,4,1
30.245545039890516,10,51.80787662388154,0,11,7,1,1
36.79245214166593,0,29.872557358877305,0,5,2,6,1
25.105483724207684,8,94.06792451153404,5,3,10,3,0
28.076155385054363,0,25.929675886577375,1,6,24,1,0
24.700707752754557,7,42.96568127389351,7,11,4,6,0
12.80971951192178,1,87.27302504846018,4,12,12,5,0
33.89808461046022,7,84.19335667918087,0,5,19,2,0
16.23089449763423,2,18.610141784627732,4,3,26,1,0
5.972638657258154,5,80.26433097957104,3,6,11,2,0
30.818891836286713,2,45.81868867378927,4,6,8,1,0
12.084427176281958,6,48.29688720853552,7,8,18,2,0
42.61834337411657,9,13.347997241594378,2,2,11,5,1
43.157143080103495,8,8.060151375712465,7,1,11,3,0
41.59457560881794,1,72.79393069737652,2,4,13,4,0
19.806348010217775,4,49.646115235529976,4,7,3,2,0
5.618264661154697,5,43.68507026151796,2,11,12,5,0
42.132742503509014,3,72.95082286523967,3,10,3,2,0
22.127365932692573,3,76.55128989911097,1,3,10,3,1
43.666192761746785,3,15.890816766935355,2,3,27,2,1
43.54479908357011,1,61.02251494776413,2,5,17,5,1
39.120378218694405,3,13.535408227768553,4,5,22,6,1
16.77795568278343,10,75.13750860290457,3,10,2,5,0
20.403909144077012,0,65.69551562671396,6,3,17,0,1
39.045466860674274,5,95.6614621083458,6,9,16,3,0
17.676880206251106,0,6.895801635642118,6,4,2,6,1
11.7797098674437,9,5.705472115125431,6,3,28,0,0
27.272050498334007,5,28.218707469320016,1,11,22,3,1
42.44619096643124,0,26.170568373590598,7,2,30,6,1
32.84119186699892,5,24.697879907199983,4,10,20,2,0
27.802446803574597,9,90.62545805210367,4,11,6,6,0
8.88705975083074,7,24.95461998495061,5,9,28,5,0
29.60028906796679,10,27.1949726128631,3,4,25,0,0
44.60215400417053,1,75.93982624179637,6,3,29,2,0
10.60336060946096,1,44.973984245054,1,7,10,5,1
25.73318609454947,3,77.67105569551812,3,8,28,3,0
40.094922877118215,10,6.536615756438524,6,11,10,6,1
34.63074471016817,2,48.75711936733843,1,2,8,5,0
32.88062963981072,3,3.3613600183282633,3,7,1,2,1
33.09936335948437,6,6.265320345535452,4,12,13,0,1
19.379646048790207,10,90.64374533444109,4,5,24,0,0
16.743673770579733,0,13.924537111759516,7,11,9,6,1
37.374446219140545,5,53.24206822752171,0,5,22,5,1
37.404535787167234,2,41.10956026007065,7,3,10,2,1
39.68289274320415,10,34.73433262588427,2,5,15,1,0
41.529622102258855,9,89.98333456872724,7,12,5,3,0
25.453695954437514,6,2.18233967754895,6,2,22,3,1
25.060651787487984,9,66.37896861755891,5,4,16,2,0
36.931807158671006,1,96.33944342135504,3,6,13,1,0
30.998557231110606,1,56.016818346184195,5,1,22,0,1
33.07867509030814,3,93.68224620330918,0,10,25,6,0
36.83170677744404,0,5.225787928602377,2,4,20,4,1
40.60021367270265,2,41.87933190741614,3,6,18,4,1
18.51980627406143,8,26.015779096205115,1,9,11,6,1
20.02331810559776,6,73.08209649807299,6,11,27,2,0
8.75927759363476,6,98.12970904972467,2,11,9,1,0
28.13120563984696,10,25.65300624442478,4,2,16,1,0
6.437690951869683,3,65.41746014740745,0,11,2,3,1
23.623920725298404,1,19.809763275974014,2,7,26,0,1
26.705785388303063,3,56.53302545716099,6,6,25,5,0
16.461650085131375,5,46.39324866883362,7,2,2,1,0
28.63333042276043,10,97.2005329631537,2,8,12,6,0
6.220009997561977,10,60.85272726964666,7,7,8,5,0
6.493927549968577,2,34.950637208681876,6,11,9,4,1
37.904022426386334,0,11.409578488793336,4,5,12,5,1
19.407625656450517,7,15.124682873493455,3,12,26,0,1
10.08242050607539,4,22.53169299512351,1,5,9,6,1
25.889730402192175,4,25.0966661340298,4,7,10,0,1
35.799742123944434,10,85.06160578411378,7,9,25,5,0
13.632841099873726,3,56.12227882825249,7,11,2,2,0
29.91561903276001,5,52.33909113743665,1,9,16,1,0
8.41389859975072,2,11.476887186921747,3,9,20,6,1
7.067268846744308,8,86.0139693349435,2,6,7,2,0
26.25418526272592,4,72.28143032084837,1,10,28,5,0
26.62540486440426,2,6.766836190000158,0,6,2,1,0
30.497196059928264,10,70.78350972297687,0,3,1,3,0
34.04365334890646,0,54.353821734264606,6,1,19,2,0
44.03408317850138,9,8.172534574677826,4,7,28,2,1
25.65201393204781,5,45.830064152865646,7,4,4,5,1
17.918258917649837,1,48.469628713004695,3,1,24,4,0
36.80744779074814,2,16.577454016327575,6,8,22,5,0
15.833290050482969,0,94.56981470002823,4,12,27,2,0
22.558856828225444,8,84.99753714806619,4,6,2,1,0
8.138255253690637,7,66.90223373291083,6,6,31,4,0
6.0140297366183,1,46.22955610006072,5,2,25,5,1
43.505936587117006,10,41.17655415845085,4,1,14,6,0
38.439204820488236,7,65.09734671509541,5,2,2,5,0
32.83896824374792,8,54.543186940690546,0,4,29,2,0
21.358117776570793,0,6.227310588188562,0,2,15,2,1
11.93177280283383,4,51.25026487703317,4,1,12,3,0
11.257481706843443,7,80.64036172328395,0,7,5,5,0
15.009715926583812,10,45.923987759695805,3,11,28,2,1
26.969066588244818,1,5.195657755426842,5,11,20,6,1
33.583836908002496,3,78.6278199384033,5,12,29,0,0
31.40789506870925,6,20.13637821359744,4,8,7,4,1
16.197355877837715,2,25.862083488803876,0,6,24,0,1
43.19461122652776,4,16.47063534322959,1,4,21,4,1
34.51587666783074,7,33.02150648714976,7,6,10,6,1
27.174162100456027,9,75.6751505688635,6,3,14,5,0
29.46882984937409,2,51.93858595039374,6,12,14,3,0
21.784002497111597,3,20.488127415071254,5,8,5,2,1
14.909239580046298,8,87.78300781520409,4,10,18,2,0
19.238907146050465,6,87.95818549515292,4,2,24,2,0
35.31384441857476,0,87.05784250460069,3,5,14,5,0
5.575739545190235,3,23.87962113815393,2,1,2,4,1
9.64290562027665,3,45.12393441809881,7,6,26,6,1
6.84010568087011,8,98.49896561408751,2,2,12,2,0
6.6291520927588055,5,77.20124763099903,5,4,22,0,0
39.21842336044029,8,2.716742122555982,6,6,24,2,0
33.146314375200944,5,6.5204591260492055,3,10,6,5,1
23.96695316349301,5,46.39313768123328,3,11,4,6,0
8.91336642604006,4,90.92202058615601,3,8,13,3,0
24.664635004673293,4,53.870179795271426,5,12,4,6,0
23.938870831222626,1,49.781250803429025,2,8,22,0,1
11.928074796400608,7,10.547369995663058,6,11,14,2,1
22.35406596951892,7,65.6780104724294,3,6,31,2,0
20.94018937589494,10,82.21031606002255,6,4,16,1,0
29.63400392208866,0,38.04200075075623,0,8,29,4,1
30.40374603470575,7,77.56118509253275,4,8,4,0,0
6.812160390881781,4,96.44766539008116,4,10,24,1,0
19.98450458505885,1,20.376645912768907,6,1,25,6,1
30.034396628569453,1,52.33296311947413,1,4,1,3,0
25.125450343203507,5,28.713795808457554,1,4,13,4,1
39.25959364753289,10,79.28544190338394,5,7,4,0,0
31.3477452647578,8,57.75933658811575,5,11,20,2,0
11.517377083257188,0,63.45824175503038,4,7,18,6,0
7.822749896017194,5,79.79141596158941,0,11,6,0,0
30.696771128252625,8,39.59704726624549,7,8,3,2,1
6.0604524216648725,7,91.50900684070432,2,11,23,4,0
28.43102325093853,10,53.302886724614,2,5,13,2,1
42.6092096569983,5,15.7954822835348,5,7,27,3,1
28.01896711503516,2,69.58991181688025,0,8,16,6,0
20.526797048260875,7,79.32613504382545,5,9,27,5,0
30.731528737694127,8,31.67616770675267,7,3,5,2,1
23.330115619660667,0,85.7179256998753,2,3,4,3,0
26.8246715726374,8,90.61432547657664,6,4,21,5,0
42.658592351061,5,27.690448737780894,5,5,8,6,1
20.44410551203097,5,98.3521472715222,3,10,19,4,0
43.44762255295657,3,14.071152804875842,6,1,14,4,1
41.21402567824255,0,20.201566840248997,7,7,7,6,0
12.831645391571858,9,18.422483923802613,7,9,31,6,1
7.774452035006618,7,89.39897100078704,5,8,14,0,0
9.031120055097066,1,65.42925523249619,4,5,6,3,1
5.728873026061989,0,15.210428322227287,5,4,12,3,1
8.777718430237137,1,44.032341836834895,4,12,16,6,0
32.320270936654275,0,61.529802506980204,7,7,17,1,1
7.8475459384091595,0,8.34640849893833,0,5,13,1,0
17.75902521175045,8,88.24163684073388,7,7,23,5,0
38.79501243877818,0,80.36035354415351,2,12,14,5,0
5.930877429433035,3,50.52067735766382,6,1,29,1,0
37.578739303557434,9,96.71266152591704,6,1,7,6,0
16.274190990936,5,41.77609792750997,1,10,14,6,0
9.72659310486625,6,98.41103190364979,1,3,15,5,0
32.86948661456603,1,66.79199988036271,7,11,12,2,0
30.15771387119536,5,63.467127325394145,2,2,17,6,0
40.09888054108212,6,16.5954895295785,1,2,9,1,1
34.40284175215543,9,88.1927758304644,6,7,22,3,0
37.13923721539394,9,42.74896879206152,5,12,15,6,0
16.281382902852258,1,16.223340578247935,0,10,12,6,1
12.097581751188912,1,1.260751997575904,0,2,2,2,1
35.024590065634335,9,55.975568363838256,2,11,5,5,0
37.27338957069056,6,52.739962212267635,7,4,13,6,0
44.620205680026935,0,71.93536223691585,1,2,27,4,1
21.50470707645706,7,89.02580530178021,5,6,20,0,0
19.880723431711328,10,7.9406584643029525,0,8,23,1,1
36.05651842967987,2,73.14964903403623,0,10,8,4,0
18.632141610120712,10,18.741194409758222,3,4,27,5,0
42.23029302414259,5,85.8177053157164,7,5,14,3,0
39.336510073720476,8,81.90635138616561,3,4,15,0,0
22.159761095000732,5,54.07937549855444,6,3,11,4,0
35.03484271165989,8,71.02427986233116,0,5,1,0,0
35.18171496338729,6,31.43501131837484,2,9,21,1,0
9.124954753437304,8,47.116789893281464,4,8,31,5,0
41.102116267182666,1,82.16368977104716,4,8,3,6,0
25.210094897914285,7,45.92651971732139,5,8,17,3,0
38.058298644309666,7,35.77982653254418,0,12,28,5,1
17.801984041224472,1,49.421244725029986,0,8,19,0,0
40.82092913984802,3,82.82492524372184,6,7,14,4,0
20.568067149366524,10,33.520804737087275,0,8,22,1,0
5.433506059211934,6,17.37615931357438,2,11,30,1,0
41.21527905677055,10,71.20140203307808,3,8,23,5,0
8.651467071445342,3,82.59782127080818,0,8,8,6,0
17.772545503616595,3,10.063747852353334,0,12,13,4,1
43.0024786820322,5,23.98741127559447,6,10,27,6,0
43.024285877502244,9,14.19719897609939,7,7,20,6,1
27.937515524931445,5,34.79414115821666,1,12,3,4,0
30.27348848679197,9,45.035097890541266,7,1,5,0,0
22.93782087913279,2,74.88263369633064,6,4,9,5,0
16.728430867922583,8,65.11475848816741,7,4,29,5,0
18.14658181479664,9,62.092856747843115,6,5,6,2,0
31.900738243081538,10,35.23749466096544,2,10,31,5,0
35.0949811775072,1,84.144755308476,5,6,25,1,0
36.66316174903394,5,47.128716739816454,0,4,31,0,0
36.584725711782156,6,97.91049380151546,6,2,22,4,0
8.648244121947615,8,63.41421382957368,6,6,2,5,0
24.776812188103257,2,12.626474156450273,1,8,13,0,1
7.302350400665771,9,67.6177562075434,6,8,5,5,0
26.98115529294942,2,32.5104015431699,4,7,28,4,1
22.66122005493508,6,68.63271966860974,5,6,27,3,1
40.50816731033199,3,6.964114816240574,0,2,25,4,0
19.036600502083147,7,17.48814371759594,0,7,8,4,0
9.682680657104235,6,85.57372589057863,1,11,23,4,0
10.719667282113434,4,22.71795570235149,2,12,1,5,1
35.46042526869889,6,83.704112524294,0,5,20,2,0
29.728722532650444,2,27.927608845441043,4,6,12,4,1
9.04490704491161,1,64.28819100587077,0,10,23,1,0
8.364272244599897,5,69.4150573509831,4,8,11,1,0
33.0387652583648,1,51.265475314505295,5,8,7,0,1
7.910520254567741,2,30.531067669673128,5,3,15,2,0
37.87440237161425,5,21.264437637109612,3,12,22,0,1
33.24968908625985,4,3.318935456242622,3,12,24,1,1
8.25395122567599,7,30.39464012407238,4,7,11,6,0
8.393508563407677,8,65.3162790531283,2,1,29,1,0
44.465583140047016,10,93.83048184484826,0,1,22,3,0
19.970831830244812,2,87.1204482263052,6,7,26,4,0
19.825685882675636,9,76.60647765353026,0,10,16,6,0
37.5119826903001,2,78.84473432532987,3,9,3,1,0
42.88994309535435,2,66.49849034759953,7,7,20,5,0
44.44004255291483,5,26.0286857566003,6,10,14,5,0
35.13512741035767,0,90.71950307058299,4,5,3,0,0
20.05038342123663,6,67.0732311905834,6,8,1,6,0
8.34002866794675,0,56.04406309804399,7,2,31,0,0
36.08587663709747,4,11.098946921348107,0,9,26,4,1
27.3361699894322,9,44.70555438064254,0,6,21,4,1
21.968880369879052,7,46.03582712019263,2,9,15,3,0
41.25417540378944,3,86.45636095226699,1,2,1,2,0
9.447899292246053,4,54.66482201877885,6,3,17,0,0
24.705004171634364,3,38.04005489704097,3,12,2,4,1
5.454145790696763,3,97.68003285106593,7,8,29,0,0
23.74642567976505,7,11.072059332631568,7,1,20,4,0
7.252131027273494,1,42.25484283119446,7,10,6,1,0
9.752716650722878,0,4.202467517140529,3,7,8,0,1
9.701049871084194,2,73.99041207669303,1,7,29,1,0
30.968412084642544,8,91.80765521991506,0,1,16,0,0
34.84179517061693,3,28.003732955048942,2,9,19,2,1
28.334750603886384,9,85.83416767991208,2,8,1,3,0
43.486901938981674,4,29.221823046189776,3,4,3,5,0
19.994823180948163,1,91.07701616439152,2,10,28,5,0
16.42848345127443,3,75.3961903596784,7,11,3,5,0
39.74396512757841,1,80.49067768414386,5,5,5,1,0
13.943833540778105,1,1.80065556004545,1,2,27,6,1
43.52890157762445,3,96.2810357074026,0,9,12,4,0
5.486178987592654,5,72.66709920703232,5,12,12,5,0
43.79515306830556,6,30.47510953861333,1,12,20,2,0
6.7263964780230445,9,82.9394664858847,4,6,13,5,0
40.645724547922846,2,28.152119841492997,6,3,20,0,1
26.108044363451995,2,87.2753839566128,3,12,9,1,0
44.718591844772014,9,11.258039041193701,7,7,7,6,1
7.9518625894159545,5,70.36859774607957,2,9,4,0,0
27.15417137605283,2,54.069847664491036,4,3,19,6,0
43.77210142476396,1,9.653447019544082,2,2,22,0,1
25.923913766805953,7,24.189382825883897,5,7,19,0,0
30.1759455254105,4,1.240403627731479,0,7,6,3,0
32.829947559384685,0,46.876796546450585,0,4,27,3,1
23.18164259071093,2,30.126526076000037,0,11,13,4,1
30.102323203362538,9,59.83574842977588,7,9,11,1,0
28.37257247692401,7,29.72378077086172,2,8,13,2,1
41.04632041963956,3,29.99191115069847,4,1,13,2,0
6.817855213658315,6,74.31931987316034,0,1,28,2,0
16.238527583689212,9,4.814283597835345,4,5,25,0,1
43.01645936306235,1,90.28949951919873,2,6,22,3,0
40.61055135563665,6,85.22638743911814,7,3,28,1,0
23.22627011142852,4,66.78046832264066,5,9,20,0,0
29.80530391206147,4,59.32215701073843,7,12,15,6,0
16.095247319245306,5,89.23024981396523,4,10,21,3,0
12.524846388950452,8,18.533017952871443,7,6,13,3,1
23.547936197599284,5,7.896916219082861,7,4,22,5,1
19.134089121042113,7,23.95101699095381,5,12,11,5,1
28.346244474034883,6,79.45782787001903,2,7,19,1,0
8.109385478599393,8,3.4670266726483323,2,8,8,6,1
43.97579230664666,3,58.280683508348964,3,9,20,1,0
44.44842977918412,1,99.54375161913099,7,11,8,1,0
32.92646856078981,6,85.56960938375394,2,6,10,0,0
26.443854653764816,5,52.14456890435895,2,6,26,4,1
17.38110465145311,0,6.364090928664234,1,8,16,1,1
37.551800788277944,10,83.13735143857099,0,12,19,5,0
32.38924690215517,8,59.89785081772106,3,5,26,4,0
11.504677573795652,8,11.493299705956684,6,3,23,0,0
41.4370873797537,1,9.38572848233562,3,12,11,4,1
37.90148971692676,2,90.96268194365923,3,3,13,2,0
42.99199653167696,4,66.92002629380784,6,6,28,6,0
34.0287803355344,4,82.92867993167555,1,2,9,4,0
29.536607837431596,0,87.89789002822673,7,6,20,1,0
21.729721451624755,7,57.17723520483222,5,6,24,0,1
42.309139334160534,7,51.74463517550413,2,8,19,6,0
39.642555580016335,3,43.042741032099016,0,7,16,1,0
6.808746804247576,6,31.69465877911193,4,8,7,6,0
6.05467897989008,10,43.459596085871176,7,9,19,5,0
20.058534675121983,9,77.38796557301563,6,6,12,2,0
37.422133231273314,2,60.19234310151316,5,3,15,5,0
44.49104517259778,5,89.2523289954846,7,10,31,1,0
11.016675644141127,9,44.33800143791877,6,3,23,1,0
28.765228614085405,9,60.7089578718754,2,11,14,1,1
20.23563426524086,8,63.130755309198875,1,12,11,3,0
43.79657591258413,0,59.16971623063255,7,1,26,2,1
38.684756925428346,4,70.26337730855164,6,11,10,6,0
38.533148188445516,3,23.74334683748063,2,5,27,1,1
23.74772639179881,7,51.23637775457907,2,4,11,1,0
21.592780093506608,10,10.422480280834767,1,9,6,6,1
15.93628287722825,0,38.45113276448126,3,9,2,5,0
7.255019866037085,8,48.76670686212644,7,5,11,5,0
39.588895050202126,5,65.22242595454725,7,10,19,1,1
37.516040365203104,3,95.05310525862035,3,4,6,0,0
44.98870693144522,8,60.06510665483559,0,7,14,3,0
44.86547348295622,10,74.35939161765597,0,6,20,5,0
27.217268224105098,4,50.626605949520275,3,4,6,0,0
35.75949660722042,4,63.41040313763313,5,10,17,3,0
42.79062919529712,4,7.093221613377343,4,2,10,1,1
38.98589562709646,0,25.439158084184697,2,1,28,2,0
14.893924069727905,0,36.185309320513866,4,4,1,4,0
23.02176541240374,7,47.249335500651355,2,4,3,4,1
10.1663766060598,7,4.564874550238374,3,1,8,1,1
43.16204109034889,5,14.002409755331769,0,6,8,5,0
29.246985378035202,10,27.68143077913058,5,4,27,0,1
14.14571222013851,3,97.15326909010507,0,1,20,2,0
31.86802737623427,1,33.134700710305076,4,1,22,6,1
29.725129618315833,1,48.20410581120825,0,1,15,3,1
19.32650872131362,8,19.609771273839293,3,8,24,1,0
9.54230368798516,4,61.07800710757682,5,10,7,2,1
31.862927823711985,3,28.068321551597432,4,8,11,2,1
25.812308036151734,9,20.699257843842677,5,2,7,5,1
35.892735669425576,0,51.65726284459791,7,11,29,3,0
25.806540044479735,6,0.5505799160420821,2,7,4,2,0
39.0872600127416,2,0.7664032649225327,0,8,25,5,1
27.076273550979423,5,21.906880910185777,5,8,12,0,1
27.43751886141545,4,3.672136250082114,1,11,26,5,1
40.0661441063338,4,10.802575413069137,7,10,6,0,1
21.139314648495883,10,33.88606493387516,0,11,14,0,0
10.36060913802563,4,80.25856795798128,2,7,12,6,0
6.151307052533559,0,57.204864336930086,5,5,11,6,0
35.20549022694476,0,51.26677259564164,4,1,19,2,0
29.812382054138588,2,29.348882320812166,2,12,21,5,1
33.16319072396894,9,93.17537194328163,1,9,5,6,0
13.518566460356428,3,39.70150412371917,5,7,14,0,1
10.45485902347079,4,8.70927667957715,6,2,21,6,1
5.581786626715277,1,61.70665161178013,6,6,24,3,0
19.02350235226388,7,11.38383934766014,3,2,16,2,1
28.596707474185322,10,34.52231428016921,0,1,25,5,1
20.689761803989292,10,50.74119387178089,4,7,13,5,0
22.498996880949164,1,87.42225246851758,3,2,25,4,0
41.166347779749934,8,49.35465803401187,5,2,29,5,0
18.930218680932015,1,70.22587660316643,6,11,22,2,0
25.559579566392433,8,99.28168389990704,6,5,22,3,0
36.34612050964572,6,13.148911989798162,6,5,25,5,1
20.861711292850806,7,27.47315255195195,5,7,20,4,0
29.88346800911494,10,39.45760755976464,6,1,22,2,0
39.49454834986981,1,42.18281785388314,2,8,4,0,1
42.98082494630569,6,41.102107526554576,7,3,11,1,1
10.882939237161517,5,90.76110025565549,5,4,17,1,0
42.06350500645978,3,71.40326444668564,4,9,7,0,0
24.684651723181528,6,60.79052140907037,7,4,14,6,0
15.329775531958333,3,30.93727178627821,3,10,26,5,0
23.36543024953045,1,82.37903842212947,4,12,11,1,0
44.201303011419085,9,95.5060511484989,7,5,28,6,0
24.704723759714785,6,82.11982825502265,1,7,22,1,0
18.150064411500328,7,0.15651051914729042,6,4,9,0,0
30.33603417266903,1,63.6401370183407,1,1,23,5,1
14.605824751127724,4,5.1135381442100725,0,9,13,5,1
8.034533124346556,0,25.760722033372186,0,4,23,6,1
10.155188876425969,6,5.952470034777169,7,9,18,0,1
10.121833558310897,7,60.37954529493877,1,6,28,6,0
11.076107740491775,5,68.65899134926067,5,1,11,5,1
10.553086905976405,4,11.448763806590511,4,12,15,5,0
30.634989792128586,5,38.38388830449795,1,3,25,2,1
12.275203375965793,1,45.6236508955542,0,11,26,6,0
18.82669133295453,0,36.90530217609166,1,2,25,2,0
40.87153639624047,6,12.102500048519305,5,9,22,0,1
23.958465610514892,6,41.89477901874754,1,12,29,3,0
31.702309540841085,9,75.11780478084181,4,1,19,1,0
11.892794848065193,10,7.100766453325546,3,9,1,2,1
12.691560752346831,9,8.018001408190345,5,9,4,1,0
6.6347446506591545,1,35.47712918359842,0,8,14,4,0
11.757402522886583,1,94.1725711618925,4,8,14,0,0
16.143613561278343,0,66.85726467229141,1,11,3,3,0
12.080419371069873,9,67.86699566725648,1,12,30,4,0
8.548101350282224,7,36.1919990837865,3,1,28,4,0
9.825434844024032,7,59.36607912085384,0,11,17,5,0
23.43115072130903,0,1.0131184027743378,0,8,3,4,1
13.2533487362317,10,63.60960464095422,2,10,16,0,0
19.57079444192302,7,91.32869475762368,0,3,14,2,0
25.136690834194276,8,61.25734683448192,3,11,30,0,0
32.615793145174614,3,87.3698593466345,6,7,20,2,0
6.5724855936439575,0,72.39730554660937,2,11,29,4,0
36.976415956361706,0,12.055841640369025,2,1,13,4,1
30.11601557963631,2,90.24533072858418,1,1,15,3,0
8.270361277954876,4,6.644384435577488,1,10,14,2,1
39.94314496427109,4,53.39674725477638,0,5,24,4,0
41.83489602127253,8,14.213712379345766,2,5,25,5,0
7.44311839419455,9,1.1706610730904066,7,8,19,1,1
16.07510592588815,1,42.2034260127639,1,7,6,3,1
37.24805119172245,1,29.504070765415623,3,8,10,0,0
34.93038761534633,5,48.6000493797603,7,6,27,3,0
12.380840774255093,8,57.71998867345508,1,6,15,1,0
13.373972933468412,0,4.373907230894735,5,2,21,2,1
19.81888411165528,8,12.300329512374564,5,6,22,0,1
24.380919407640853,8,55.86423964504254,1,5,20,0,0
29.730190861211838,8,34.316735317265824,2,3,26,2,1
19.756545582790896,4,72.9173487549448,6,6,6,6,0
23.501388645325918,8,65.22916485919397,6,8,23,6,1
34.89883752535026,10,84.56043629899068,2,9,25,3,0
6.467328115623916,3,69.24928266692253,4,1,10,4,0
15.09747777376083,1,42.99310773901481,6,3,7,6,0
33.5339834353821,5,67.29666223944324,5,3,22,3,0
40.808273507487975,3,27.538117425541852,3,11,17,6,1
25.467097684626644,5,30.63134987782127,2,8,18,1,1
26.284539410612627,2,78.89851599207933,0,1,17,5,0
9.286880453591042,5,44.64195164015822,5,5,9,4,1
22.896494672938186,1,79.83803405183525,3,3,10,3,0
26.304690658200926,1,82.24223736682784,3,2,10,5,0
14.698820145389186,8,85.75623376612837,2,8,25,5,0
15.769729237975238,6,91.66352358412072,3,3,7,6,0
20.091366524184906,2,43.098522051329624,2,7,16,2,0
5.802847911109055,10,31.886681832113883,6,12,29,1,1
17.88316662332713,0,58.21987465941139,1,11,18,1,0
13.457920279861785,7,37.117242343762754,5,1,6,1,1
18.099894087116585,5,60.1074166800233,4,6,27,4,0
9.790485272770049,6,70.55858626438246,1,3,20,0,0
40.6210912295958,8,68.84050184921368,5,8,1,4,0
28.743698142161946,4,37.45528870201213,2,6,1,3,1
32.164092765779586,0,16.68602016987528,5,12,12,5,1
36.56684954429353,9,43.05293384622075,6,2,21,5,0
24.93768795716229,6,14.259414408190874,2,6,28,0,1
8.476811523496949,4,89.00970351838083,1,7,2,3,0
26.484261672741912,2,34.58774607378574,0,5,4,0,1
28.473644720835164,8,15.445974722332378,0,3,17,5,1
34.8175789673732,0,2.5447759905750877,7,4,4,6,1
22.266381849187177,0,64.58223862864843,7,4,11,4,0
10.10321211182255,0,63.69023174547432,5,6,22,1,1
16.351036231948978,2,34.060416658129164,0,10,26,5,1
19.523291855945402,5,7.171188884765101,2,1,4,2,1
30.83668965326405,9,40.9628894895232,3,11,1,1,0
27.831132186756477,10,31.12174950633936,2,4,7,5,0
19.24386903591385,2,67.71206397350093,3,10,30,4,0
44.460609951719185,7,60.57792494526903,1,4,18,0,0
29.230992774275485,9,36.459372819754,4,10,9,6,1
14.48907166943978,1,21.78925542549901,3,1,29,6,1
9.07129890481615,8,98.80359661555919,0,9,3,1,0
11.11436556737328,2,45.40016211961149,2,4,8,4,0
14.838309135380324,4,68.82742357802371,1,7,29,6,1
11.427254930382226,9,14.055296757836079,0,12,24,6,1
12.46268096205223,7,48.55896996593978,1,3,19,3,0
16.403806747753883,1,2.7536719869465487,4,10,4,2,1
11.934943811790193,5,50.545511791044994,6,12,18,1,0
40.870616985057005,4,96.40174071177023,2,3,20,0,0
8.209349826465688,9,38.420671298580025,5,8,27,6,1
25.980455582810187,8,3.8996012574911587,2,8,11,3,1
21.41587307958646,4,3.095579091934353,7,11,27,4,0
44.29514467634426,1,38.798675994686946,4,12,14,6,1
9.481556086722094,4,16.002493646319405,2,1,25,2,0
20.914223961829666,3,2.335209632818591,7,10,18,0,0
43.77881733101476,10,75.62136139501769,5,2,28,4,0
39.62028503575921,6,45.85230088818907,3,8,28,4,1
37.6828828379712,5,28.924477197265453,1,1,29,1,1
15.316113081797592,1,90.00831830164807,5,12,16,6,0
11.835503495602634,10,11.613896020052561,0,8,3,1,0
31.74572879697724,10,95.59188289553192,4,8,15,0,0
42.17503956510343,4,31.396671737735282,3,2,27,6,1
27.270515720557192,6,88.84036723086813,0,4,27,5,0
27.864507578795994,10,60.294287647946156,0,6,31,6,0
16.199163746411365,6,82.67073597414874,4,12,4,5,0
35.779717327677474,4,98.40131632104642,3,11,5,4,0
12.481749942300935,8,28.840543781874572,6,9,17,1,0
17.947169456169746,3,96.1135485407593,0,8,7,2,0
22.017457544656672,10,38.94818949024204,0,12,16,6,0
25.3044151473782,2,38.55119047369223,3,8,14,2,0
14.69638929660321,3,34.03871042545057,2,7,26,6,1
9.593472989568141,4,54.14076073475852,0,9,16,4,0
29.424801697665302,5,15.41450431784871,1,2,7,1,1
16.54522212961023,2,55.37114853580112,3,3,9,0,0
28.24952885690449,1,54.1704812410004,0,10,4,0,1
11.174508610968093,3,76.190181260487,4,8,30,0,0
24.2456040741927,4,83.36499619375856,5,6,30,6,0
26.303577302063434,3,44.044135031242405,1,10,22,6,1
7.072941472897076,10,30.233324935149376,7,9,11,2,0
18.464171127756824,2,25.933489731709447,7,10,2,1,0
10.37658707755897,7,19.462383670487192,5,4,12,6,0
7.53499881891071,9,5.764758219902488,7,8,12,1,1
44.59840929559781,3,34.244797883471335,5,10,30,2,1
17.894153798988917,1,27.024769213078326,0,3,4,6,1
37.3949778341854,1,96.64173858664074,1,3,18,0,0
15.185626190550554,0,55.77088262500439,1,8,26,0,1
32.26010888895717,3,34.72770390305075,2,5,21,4,1
35.409114395587466,9,58.0467600993696,5,3,31,5,0
28.825549624313773,8,13.91967013456955,1,10,7,3,0
23.863047542006335,10,44.40437492022029,2,11,29,5,0
21.473636565890743,6,62.62343214210638,3,1,1,6,0
18.95473066171981,9,48.889783179245136,2,3,31,1,0
42.18116576991304,6,40.177880065432426,4,12,26,6,1
38.22477631150917,6,99.38483888996981,6,9,26,1,0
43.601076426660505,7,88.0314762148927,0,5,23,1,0
9.971888939421788,0,62.34059581594401,3,12,26,5,0
34.23469900814577,9,56.93773611822828,6,10,13,3,0
42.533618272841515,9,62.06604798245841,6,2,6,4,0
12.249322646626407,7,20.131210782243325,3,7,6,5,0
7.6598506946711,3,39.51377432643186,4,2,12,3,1
34.64482597160236,3,3.945953289089932,2,4,8,0,1
27.978924527196476,3,47.554603748682666,0,12,24,0,0
38.67315107033088,5,54.302458395766315,2,7,22,1,0
10.59089506505158,6,22.77497361032096,1,4,19,2,1
36.81069247439561,5,96.40288471655137,2,7,5,6,0
13.065092801909781,0,90.9454610937242,7,7,18,6,0
11.54623771462818,7,72.21432354559059,3,1,31,1,0
11.570631917239718,9,53.33866287653626,0,6,30,2,1
37.58298880925528,10,86.99691596476849,2,9,5,3,0
31.607888827848004,6,13.065234382346292,0,2,30,0,0
25.922616990764773,5,79.0509794274885,0,3,25,6,0
19.3532193649401,5,12.48208139668483,1,10,10,5,1
40.08802163252433,4,79.42106625494054,1,5,1,2,0
20.697804296905417,5,27.576756825135696,3,9,10,3,1
37.66397757886308,8,87.7090581018189,4,4,5,0,0
22.565396342808736,9,94.40420938253979,7,1,12,5,0
20.077777176996303,8,14.879596940511563,6,4,22,2,0
23.507191426784257,9,46.267560506539354,0,6,30,1,0
17.055114966565682,7,98.09873781626851,4,5,27,1,0
34.904375207050045,9,48.34074359731466,6,1,7,1,0
25.108815603699167,8,86.35475225145451,6,4,9,6,0
14.288507805872692,9,58.87315221313199,7,6,22,3,0
40.982982930982736,7,37.53299079196019,3,10,21,1,0
20.355648854928457,7,28.57835555258702,6,10,12,6,1
26.742114444559544,0,20.322309108608728,7,4,23,4,1
41.25888443858188,9,76.17981913776973,6,9,29,6,0
29.969519836559684,10,38.65405068230279,0,5,1,0,0
9.675921628334564,4,51.12754622007512,0,8,11,6,0
42.59328494453901,3,49.23254800011819,5,9,30,3,0
30.108322122856713,1,57.727902923313124,4,10,21,5,0
18.396224586283445,7,86.55771456245522,2,5,15,6,0
10.570882906535491,2,98.07393435834294,7,6,2,1,0
36.76100757081184,3,40.758420857381694,1,1,20,0,1
29.80291023714054,6,82.7518922106303,7,11,7,2,0
26.33844367905286,9,76.45277946547176,2,12,21,1,0
40.75570332203831,8,57.352895145557326,4,7,12,0,0
36.54388844898123,1,95.60471436119332,1,4,22,4,0
11.066995189310047,2,20.04745155284028,2,11,18,2,0
17.46888271182193,3,10.92642103096214,5,2,3,4,0
14.93956559257863,9,85.39619669554222,1,5,7,5,0
34.757851702907075,0,43.91498166337483,0,12,11,0,1
6.341297389431175,6,84.69688542070605,2,3,18,4,0
27.79558739485266,1,89.30902051954149,7,6,12,5,0
35.49834742962762,4,6.245759361907144,1,8,6,0,0
40.07062547046998,0,88.34647629860606,5,7,5,0,0
18.683269948636298,2,44.831905536942216,7,3,26,4,0
37.850292186880516,1,51.04324890042322,6,8,1,0,0
9.425269478208289,0,62.659251109321026,1,2,12,1,0
38.85809166938073,6,92.63826067300867,1,10,27,0,0
10.099546493279297,4,1.911609442976403,5,9,31,3,1
20.89149162241469,0,47.68434683178171,6,4,26,5,0
36.89181463118214,5,68.77220424305607,2,1,11,0,0
10.996697093950951,4,72.27069576982285,3,8,4,3,1
14.170055809305659,2,69.2532431537108,2,7,27,0,0
33.89010273572265,6,13.443512940812186,6,11,18,0,1
33.801461461842976,10,29.93955883716812,4,5,4,4,0
30.64590531541189,9,35.87155254170135,7,10,17,1,1
32.757937778684,8,80.4437207679505,5,5,2,5,0
26.708977733903847,8,27.875987241455302,2,7,29,1,0
15.07196235627811,8,21.070496386720315,1,5,24,2,1
18.827839740156776,1,95.74480190380962,5,8,22,4,0
12.263908672057028,2,0.88632851134689,0,11,2,4,1
41.33802245334513,6,99.78208556819781,6,6,12,1,0
28.335671790644817,4,67.68212988573956,7,5,31,6,1
21.034056670545596,1,82.84692994491171,2,9,6,4,0
23.480232145765306,2,29.461939634619316,5,11,10,1,0
42.89133358447261,9,1.4315277667059978,7,2,25,4,1
11.134056124643209,5,73.78695185615301,2,1,23,0,0
28.44919328067189,6,83.41445970006758,5,8,25,1,0
25.23554715537864,8,74.04761319535191,1,12,21,1,0
29.458169417385914,0,14.285028730083859,0,3,23,3,1
5.72440735283362,10,75.34279222569691,0,11,27,4,0
39.88495635776606,6,76.8922782107641,4,12,16,4,0
42.28473129934449,7,65.85405156700548,5,12,31,1,0
27.60532734356836,2,76.61159327955862,2,12,14,0,0
32.86603295507569,3,84.59214396777321,0,7,7,0,0
41.89997524709183,9,61.360411423745845,6,10,28,5,0
33.28954537253594,5,8.860471396967906,0,11,28,0,0
11.101561716570455,9,48.76278096672109,3,8,19,4,0
28.051534406672527,6,7.764933467160507,3,6,23,6,0
29.268601855314238,3,40.75430310324308,0,12,17,3,1
21.96522685209544,7,40.71064891256276,5,10,9,1,1
34.45776942498891,4,6.600984414024158,4,9,26,2,1
42.37468059076059,0,34.88205339694793,0,7,13,3,0
42.02274051627106,3,11.099809879131485,1,10,22,6,1
23.033574856165284,2,80.82352100092221,7,5,5,2,0
9.52952183363021,8,94.76880259644707,2,8,23,3,0
44.39364795849338,7,7.231647525793861,4,2,5,0,1
38.555923457837366,0,95.51152072917014,1,7,10,4,0
9.986507248130675,10,52.25765993367452,4,4,21,6,1
41.83367530469489,5,29.95656779538739,1,9,27,2,1
39.79585448248513,8,7.686207527616351,2,12,10,6,1
25.753522285042884,6,50.06242680704178,2,1,27,3,1
28.65101742979717,3,79.45155444907486,3,7,7,4,0
20.960108154805212,0,70.70864772666981,5,6,26,6,0
7.190465552881253,1,5.022601146397376,1,8,15,2,1
18.407889665836038,4,7.290183536790352,7,5,7,1,0
37.114137943920454,10,40.28732826326371,3,1,29,3,1
5.185280920184114,4,29.52904940479433,1,1,27,1,0
18.339966867645767,7,23.238432305604782,3,9,15,0,1
20.926747743637733,5,28.10044989087136,2,10,3,1,0
26.495824117516914,7,80.34827432968846,4,6,19,1,0
41.79422465651042,1,92.92280536318539,6,10,10,5,0
18.853839774638452,2,40.510269452756646,3,5,28,3,0
18.87812807584911,5,90.61110021324971,1,1,29,0,0
34.500049924389934,9,32.1495701247882,1,6,15,1,0
23.088717635592285,2,47.64369863437916,6,6,3,4,0
13.984192917599279,5,22.602899781599973,5,3,6,2,1
23.097580645307737,5,64.0476042175844,7,8,12,1,0
10.634280815191994,1,97.89811151748088,2,1,15,0,0
12.055479460248932,6,60.34930960433786,1,1,6,1,0
24.934710909579188,1,35.78140841135489,0,6,13,2,0
21.757017980181917,5,64.78174459905284,4,10,29,0,0
41.593836042724,0,12.292067846538757,3,1,19,3,0
19.495755964665324,2,88.86590802653987,5,6,3,0,0
28.22353401112174,1,50.30839507798363,7,1,8,3,0
30.290571516781213,6,44.93497420396421,6,6,8,0,0
5.5237782635333454,3,58.58647884535192,4,3,23,6,0
31.541494880668424,7,62.47838627894025,2,8,26,2,0
12.121438674790056,5,7.177580622651303,5,6,20,2,1
43.442812698778205,9,68.26172212234025,7,11,15,0,0
10.946509110124518,3,24.193168031552958,3,1,4,6,0
21.58496494908095,4,71.39526325065899,3,5,19,1,0
8.413986723145754,8,82.25347943841967,6,8,21,2,0
44.87497007383789,6,80.39585075525203,0,3,3,3,0
25.087800413249703,9,55.25009674078891,6,12,13,3,0
28.815400692801752,8,52.016989231075115,2,6,8,4,0
7.683059095537099,6,14.287596133941172,5,5,23,5,1
34.99841881596711,0,77.53461504031355,5,6,16,6,1
13.39622372382343,7,27.140938044671437,1,10,13,5,0
40.922171577628546,3,49.669542281794655,0,1,3,5,0
13.205585619280287,2,28.42740929275167,0,7,16,3,0
12.627508826546663,6,13.382836299969314,5,9,9,4,0
6.461986713923795,2,62.95576968917366,5,2,28,5,1
23.882677804399968,7,5.4332034822903825,4,10,14,5,1
27.593645330504657,5,74.86452341262,7,5,13,0,0
7.628345577134095,4,31.758679526111667,4,10,21,0,1
36.02110466780042,3,0.013469300448532007,4,4,25,0,1
23.131553389921105,7,51.11291392372298,0,6,7,1,0
25.975610773103202,7,4.6851908527603126,1,6,15,5,1
22.630509877529125,0,27.616955782089946,3,11,7,1,1
21.03052243501304,8,70.69764874557161,4,2,6,4,0
27.385613252328717,4,6.268962162186586,1,2,2,6,1
11.2096098372285,3,83.93384923560023,6,4,9,3,0
12.277125219810845,5,0.3819922658583108,2,1,22,5,1
39.47142484054069,5,24.682386920190226,4,9,24,3,0
42.84461848534531,1,74.09040561520715,6,7,17,6,0
19.932372651190118,7,31.627014972930677,3,12,5,0,0
15.829786925742152,6,10.189238806601352,2,7,12,5,1
30.75998172956063,0,36.02339188004279,2,3,1,2,1
21.349366843923857,4,27.039328638452552,3,11,10,1,0
6.0154542264137945,5,84.27119021605549,4,12,11,1,0
11.246103894647614,3,31.334791758514314,0,3,16,5,0
33.6388891538959,1,78.89324717760073,3,1,14,6,0
31.356957676406054,3,89.18721448107347,3,3,8,0,0
6.08383970013934,0,43.381741957652956,3,3,24,1,0
13.878886477317977,6,90.9943143854392,2,4,17,0,0
14.242991863522857,1,37.73180539631929,7,4,25,4,1
31.875709743949137,1,96.40784164901082,1,3,18,3,0
5.788421510174566,8,8.928952452557294,6,10,12,6,1
9.164343279382955,4,68.70192665032427,0,12,25,2,0
36.996643414927576,1,49.38140404569287,4,8,17,3,1
12.141786482173345,10,38.76488054556471,4,8,28,3,0
31.109844314074987,8,63.27118787486009,6,1,26,4,0
14.52731124186906,8,70.38570916343312,1,7,14,1,0
8.977655710373806,0,0.43632696503090873,3,11,16,2,1
14.726887639978163,10,16.69530887471987,7,2,14,1,0
33.89067727422636,2,71.30460506343186,0,1,9,5,0
39.22785872425143,3,66.63854135782064,4,3,4,3,0
38.208794582679666,6,96.60475051286772,6,4,25,5,0
20.887341184738194,9,76.1037790250783,5,6,23,0,0
31.723405462825845,3,95.0772707731338,7,10,11,3,0
13.199371816632839,1,70.25405015348069,6,5,6,1,0
16.72590921044053,6,29.805220863944314,7,4,15,3,1
40.85343274084479,5,10.536492225085647,4,8,5,0,0
5.520076940429441,2,78.18238633449356,3,11,11,4,0
8.420341234178723,5,64.4149221475916,5,12,25,5,0
13.315450205841092,10,4.818601239329623,1,4,18,5,1
6.061288154952789,5,36.005046590097834,0,10,30,1,1
12.257417403591893,4,95.67998154842861,1,12,13,3,0
28.321662438787687,3,50.04011457102012,1,2,11,1,1
21.856982023699917,9,43.272913601970465,6,3,14,4,0
40.706868443078996,0,45.7699605159294,7,6,28,3,0
37.69774246953764,9,20.88827240051637,0,8,18,3,1
18.67269406791504,5,36.87071708647952,0,8,27,1,0
15.3769373372517,1,36.98132559871766,4,11,28,1,1
20.187696326690677,2,5.2355020187472405,4,9,31,0,1
28.61179770059231,7,76.75676285179182,0,7,25,6,0
15.72254563291505,9,41.6504431903879,5,2,28,6,1
29.96595631396536,5,82.21798868164232,2,8,19,4,0
21.376466087649618,2,85.03480011198954,4,7,24,6,0
27.08188723407921,6,21.199405469865805,2,8,27,0,1
22.445061165412667,3,65.73534821701286,6,12,15,5,0
16.778630381676706,8,47.22818041629817,5,3,9,3,0
42.938132278486265,4,88.0156737921485,0,7,8,1,0
35.54423176639043,2,21.57406791764541,5,10,20,3,1
10.604527030658101,1,67.78132003100443,4,9,28,3,0
39.73871903591651,10,60.775212225272256,1,3,1,2,0
24.497247929980546,1,29.53014775718328,6,10,4,5,0
40.78208907576366,2,13.660090365117261,0,6,14,2,1
36.99421023789261,1,65.16397604772766,3,2,25,6,0
22.008540178769337,3,73.85974581323308,6,2,2,3,0
5.898772332804696,1,31.562734376335,7,5,16,1,1
15.747094375397843,9,64.48326040223138,2,5,3,3,0
26.665368586434678,8,39.51309076115032,5,7,26,5,1
30.33912879304589,1,71.32068832826177,0,12,8,2,0
15.315507417328092,8,19.92152748940531,6,2,6,1,0
10.574242962912965,5,89.02150026361744,5,11,16,3,0
38.39720947197196,0,28.74095964655797,0,7,24,4,0
44.37608722814208,3,36.77859877561529,4,5,16,5,0
26.027607292107433,0,5.8091952080349785,6,6,7,5,0
11.867171433932139,5,11.15122123212764,4,8,30,4,0
15.892293060774758,3,51.58619027123281,6,10,13,3,0
5.735627061898669,2,26.75926767279715,4,12,13,5,0
41.57195226241996,2,83.54802257421944,7,4,5,1,0
9.710043315605645,8,1.4693388654953843,5,7,25,3,0
28.060659020570142,5,37.90940486719362,3,6,20,3,0
15.96220882748824,8,33.73455467690927,6,10,22,2,1
27.167120100631735,4,1.9327630917601035,7,2,18,5,0
31.05681553407457,1,12.436839900051023,6,8,15,5,1
38.18967214828807,7,41.36426749186353,4,10,18,4,1
13.256850870424127,4,49.28645844474466,0,9,2,2,0
5.439833146339219,1,40.42897472548691,6,5,10,6,0
10.475425202752291,3,53.093767841209385,7,10,23,2,0
41.0007456739242,8,59.51316749056815,4,4,13,5,0
39.95560310250061,3,0.992382112783563,1,6,18,3,1
28.89652408681233,3,46.409515945350385,4,8,15,2,0
29.020674417346136,1,96.34992408875883,5,11,31,4,0
31.60146698185022,5,51.90322801295487,3,3,12,2,0
12.014851144937984,10,67.75422674589532,1,10,15,4,0
41.57647783699839,1,31.18638579168832,5,11,13,6,1
21.750820995682925,6,77.39913781527625,5,11,18,2,0
20.325541129979896,2,77.2921481876115,5,1,15,4,1
25.7567082113135,2,52.129604765413895,0,4,25,2,1
6.878638671002202,4,97.60138232792136,5,4,23,6,0
11.651334750243176,2,12.555021476265338,0,1,11,2,1
34.52134465705482,1,1.6947664889580993,5,9,19,1,1
8.311946717005059,9,77.0158211757096,2,3,3,4,0
29.126084378655527,8,80.71555373648826,7,5,7,6,0
14.813964387252838,1,12.020722912057625,1,6,21,4,1
20.571824561679062,10,26.55828329586061,2,8,26,4,1
16.547749470827995,1,1.755236336662891,5,6,14,0,1
19.226908658597964,7,29.33086107805647,1,3,14,6,1
33.76183620736982,8,77.31418739186715,1,6,22,2,0
16.884868624927,6,51.79605277125789,6,1,13,4,0
27.656185611875888,2,34.80955931682881,3,4,12,5,0
24.042016087963987,8,37.17392949063303,2,6,24,0,0
31.546846614505924,2,0.1353625715468154,3,7,9,1,0
42.47318957299032,4,29.98005275652359,1,11,1,4,0
34.30288388841001,8,64.64587416379305,0,11,19,4,0
13.597615143630271,2,97.41944438163571,1,10,11,0,0
6.247325402451387,6,84.70608269838995,3,3,23,2,0
15.490561771993004,0,2.3594964645529126,2,9,22,5,1
28.803117228010194,3,89.85606046748393,5,12,23,1,0
7.057032539370014,3,78.3198413298626,6,12,24,4,0
24.854649888049455,6,78.03761235709804,6,7,22,2,0
28.87371395667557,7,45.79957590035715,6,1,19,6,1
18.369755632678434,0,39.80052929545028,5,2,18,5,1
35.836488149832874,4,30.29157288331926,6,1,12,6,1
9.263930125350871,6,6.569485895436578,2,11,23,5,1
8.00551126943235,3,22.82353634936991,5,9,28,1,0
34.12755024814413,3,24.66036349780246,6,9,28,3,1
24.81965264824794,3,48.40770697102016,5,7,28,5,0
32.536095857109444,5,74.7444406596694,3,10,27,3,0
22.39309354414985,6,47.38098283979466,7,3,1,6,0
14.856081329564272,1,5.784444944716061,7,5,19,5,1
37.764092706967986,4,95.77898009882038,2,4,28,1,0
36.976635158759166,3,94.27243190941122,4,7,27,0,0
32.78785883417707,2,78.51895431484084,0,9,20,1,0
15.885805489198507,6,99.13279015642206,6,12,29,1,0
28.609226674763484,10,54.448233280026294,0,2,30,0,0
19.43895587760107,5,96.27683502532061,5,8,17,0,0
8.663282933065366,6,7.560504061675077,0,9,5,2,1
41.692543018489715,4,36.568074826137135,2,10,26,5,1
10.472745236758456,5,22.538126800676583,2,10,3,6,1
43.0094941528321,4,19.583308413427,1,9,2,2,1
22.84023091831823,6,14.08029488926761,7,10,31,0,1
